employee_number,name
6755,Chloe Pitts
6885,Ella Williamson
8471,Laurel Holland
7209,Cruz Tucker
5644,Hermione Calderon
7405,Leigh Kerr
5692,Whilemina Ray
7948,Xyla Nguyen
7777,Flynn Downs
6446,Dahlia Mays
5983,Nash Lowery
8516,Yoko Harper
7630,Leslie Everett
7410,Yoshi Larson
8962,Patricia Chapman
6550,Abdul Browning
6914,Chloe Underwood
6227,Brent Dudley
5572,Alana Guzman
7264,Bradley Spencer
7548,Jason Lott
5556,Robin Bates
8029,Garrison May
8549,Grace Mccormick
8379,Rhonda Jackson
8517,Guinevere Tate
8848,Damon Mcknight
7927,Sopoline Hickman
7377,Carissa Glenn
8885,Micah Mckinney
8580,Jolene Riley
7015,Karly Tucker
8737,Ulla Warner
6668,Brady Best
6003,Vivien Patterson
5988,Edward Prince
6522,Callum Russo
6979,Callum Perkins
6691,Martin Christian
6640,George Harrison
5583,Orli Reid
8539,Amelia Ewing
5984,Cody Brock
6461,Isabella Vazquez
7935,Chanda Stone
8766,Sylvia Morrison
7197,Freya Church
8447,Xenos Craig
8410,Elaine Hatfield
7317,Justina Hinton
8771,Charissa Solomon
5559,Astra Carpenter
7122,Quinn Garcia
7178,Stacey Hutchinson
7277,Lucius Sweeney
7649,Akeem Ferrell
6037,Wallace Edwards
8468,Amos Coffey
7960,Benjamin Holland
8673,Anthony Owens
8146,Barclay Huffman
6821,Laura Stone
8090,Donna Fuller
8653,Veronica Fulton
7415,Ignatius Oconnor
6334,Christian Marquez
5691,Edward Spence
6938,Griffin Valdez
8057,Serena Mcknight
7922,Rebekah Dennis
6226,Silas Bond
6700,Kaitlin Cotton
6045,Leandra Hardy
